"Statistic Label","Quarter","Electricity Consumption","UNIT","VALUE"
"Gigawatt hours","2015Q1","All metered electricity consumption","GWh","6565"
"Gigawatt hours","2015Q1","Data centres","GWh","291"
"Gigawatt hours","2015Q1","Customers other than data centres","GWh","6274"
"Gigawatt hours","2015Q2","All metered electricity consumption","GWh","6086"
"Gigawatt hours","2015Q2","Data centres","GWh","304"
"Gigawatt hours","2015Q2","Customers other than data centres","GWh","5783"
"Gigawatt hours","2015Q3","All metered electricity consumption","GWh","5783"
"Gigawatt hours","2015Q3","Data centres","GWh","316"
"Gigawatt hours","2015Q3","Customers other than data centres","GWh","5467"
"Gigawatt hours","2015Q4","All metered electricity consumption","GWh","6165"
"Gigawatt hours","2015Q4","Data centres","GWh","329"
"Gigawatt hours","2015Q4","Customers other than data centres","GWh","5836"
"Gigawatt hours","2016Q1","All metered electricity consumption","GWh","6651"
"Gigawatt hours","2016Q1","Data centres","GWh","341"
"Gigawatt hours","2016Q1","Customers other than data centres","GWh","6310"
"Gigawatt hours","2016Q2","All metered electricity consumption","GWh","6471"
"Gigawatt hours","2016Q2","Data centres","GWh","361"
"Gigawatt hours","2016Q2","Customers other than data centres","GWh","6111"
"Gigawatt hours","2016Q3","All metered electricity consumption","GWh","5926"
"Gigawatt hours","2016Q3","Data centres","GWh","386"
"Gigawatt hours","2016Q3","Customers other than data centres","GWh","5540"
"Gigawatt hours","2016Q4","All metered electricity consumption","GWh","6307"
"Gigawatt hours","2016Q4","Data centres","GWh","395"
"Gigawatt hours","2016Q4","Customers other than data centres","GWh","5912"
"Gigawatt hours","2017Q1","All metered electricity consumption","GWh","6867"
"Gigawatt hours","2017Q1","Data centres","GWh","407"
"Gigawatt hours","2017Q1","Customers other than data centres","GWh","6460"
"Gigawatt hours","2017Q2","All metered electricity consumption","GWh","6429"
"Gigawatt hours","2017Q2","Data centres","GWh","433"
"Gigawatt hours","2017Q2","Customers other than data centres","GWh","5996"
"Gigawatt hours","2017Q3","All metered electricity consumption","GWh","5969"
"Gigawatt hours","2017Q3","Data centres","GWh","450"
"Gigawatt hours","2017Q3","Customers other than data centres","GWh","5519"
"Gigawatt hours","2017Q4","All metered electricity consumption","GWh","6461"
"Gigawatt hours","2017Q4","Data centres","GWh","472"
"Gigawatt hours","2017Q4","Customers other than data centres","GWh","5988"
"Gigawatt hours","2018Q1","All metered electricity consumption","GWh","7097"
"Gigawatt hours","2018Q1","Data centres","GWh","491"
"Gigawatt hours","2018Q1","Customers other than data centres","GWh","6606"
"Gigawatt hours","2018Q2","All metered electricity consumption","GWh","6845"
"Gigawatt hours","2018Q2","Data centres","GWh","527"
"Gigawatt hours","2018Q2","Customers other than data centres","GWh","6318"
"Gigawatt hours","2018Q3","All metered electricity consumption","GWh","6187"
"Gigawatt hours","2018Q3","Data centres","GWh","574"
"Gigawatt hours","2018Q3","Customers other than data centres","GWh","5614"
"Gigawatt hours","2018Q4","All metered electricity consumption","GWh","6601"
"Gigawatt hours","2018Q4","Data centres","GWh","591"
"Gigawatt hours","2018Q4","Customers other than data centres","GWh","6010"
"Gigawatt hours","2019Q1","All metered electricity consumption","GWh","7128"
"Gigawatt hours","2019Q1","Data centres","GWh","578"
"Gigawatt hours","2019Q1","Customers other than data centres","GWh","6550"
"Gigawatt hours","2019Q2","All metered electricity consumption","GWh","6349"
"Gigawatt hours","2019Q2","Data centres","GWh","601"
"Gigawatt hours","2019Q2","Customers other than data centres","GWh","5749"
"Gigawatt hours","2019Q3","All metered electricity consumption","GWh","6299"
"Gigawatt hours","2019Q3","Data centres","GWh","638"
"Gigawatt hours","2019Q3","Customers other than data centres","GWh","5661"
"Gigawatt hours","2019Q4","All metered electricity consumption","GWh","6728"
"Gigawatt hours","2019Q4","Data centres","GWh","672"
"Gigawatt hours","2019Q4","Customers other than data centres","GWh","6056"
"Gigawatt hours","2020Q1","All metered electricity consumption","GWh","7399"
"Gigawatt hours","2020Q1","Data centres","GWh","691"
"Gigawatt hours","2020Q1","Customers other than data centres","GWh","6708"
"Gigawatt hours","2020Q2","All metered electricity consumption","GWh","6429"
"Gigawatt hours","2020Q2","Data centres","GWh","722"
"Gigawatt hours","2020Q2","Customers other than data centres","GWh","5707"
"Gigawatt hours","2020Q3","All metered electricity consumption","GWh","6381"
"Gigawatt hours","2020Q3","Data centres","GWh","766"
"Gigawatt hours","2020Q3","Customers other than data centres","GWh","5615"
"Gigawatt hours","2020Q4","All metered electricity consumption","GWh","6847"
"Gigawatt hours","2020Q4","Data centres","GWh","852"
"Gigawatt hours","2020Q4","Customers other than data centres","GWh","5996"
"Gigawatt hours","2021Q1","All metered electricity consumption","GWh","7347"
"Gigawatt hours","2021Q1","Data centres","GWh","922"
"Gigawatt hours","2021Q1","Customers other than data centres","GWh","6426"
"Gigawatt hours","2021Q2","All metered electricity consumption","GWh","7222"
"Gigawatt hours","2021Q2","Data centres","GWh","987"
"Gigawatt hours","2021Q2","Customers other than data centres","GWh","6235"
"Gigawatt hours","2021Q3","All metered electricity consumption","GWh","6779"
"Gigawatt hours","2021Q3","Data centres","GWh","1035"
"Gigawatt hours","2021Q3","Customers other than data centres","GWh","5744"
"Gigawatt hours","2021Q4","All metered electricity consumption","GWh","7158"
"Gigawatt hours","2021Q4","Data centres","GWh","1069"
"Gigawatt hours","2021Q4","Customers other than data centres","GWh","6089"
"Gigawatt hours","2022Q1","All metered electricity consumption","GWh","7847"
"Gigawatt hours","2022Q1","Data centres","GWh","1194"
"Gigawatt hours","2022Q1","Customers other than data centres","GWh","6653"
"Gigawatt hours","2022Q2","All metered electricity consumption","GWh","7524"
"Gigawatt hours","2022Q2","Data centres","GWh","1287"
"Gigawatt hours","2022Q2","Customers other than data centres","GWh","6237"
"Gigawatt hours","2022Q3","All metered electricity consumption","GWh","7050"
"Gigawatt hours","2022Q3","Data centres","GWh","1336"
"Gigawatt hours","2022Q3","Customers other than data centres","GWh","5714"
"Gigawatt hours","2022Q4","All metered electricity consumption","GWh","7404"
"Gigawatt hours","2022Q4","Data centres","GWh","1457"
"Gigawatt hours","2022Q4","Customers other than data centres","GWh","5948"
"Gigawatt hours","2023Q1","All metered electricity consumption","GWh","8038"
"Gigawatt hours","2023Q1","Data centres","GWh","1497"
"Gigawatt hours","2023Q1","Customers other than data centres","GWh","6542"
"Gigawatt hours","2023Q2","All metered electricity consumption","GWh","7706"
"Gigawatt hours","2023Q2","Data centres","GWh","1554"
"Gigawatt hours","2023Q2","Customers other than data centres","GWh","6152"
"Gigawatt hours","2023Q3","All metered electricity consumption","GWh","7136"
"Gigawatt hours","2023Q3","Data centres","GWh","1625"
"Gigawatt hours","2023Q3","Customers other than data centres","GWh","5510"
"Gigawatt hours","2023Q4","All metered electricity consumption","GWh","7701"
"Gigawatt hours","2023Q4","Data centres","GWh","1663"
"Gigawatt hours","2023Q4","Customers other than data centres","GWh","6038"
"Gigawatt hours","2024Q1","All metered electricity consumption","GWh","8348"
"Gigawatt hours","2024Q1","Data centres","GWh","1659"
"Gigawatt hours","2024Q1","Customers other than data centres","GWh","6689"
"Gigawatt hours","2024Q2","All metered electricity consumption","GWh","7935"
"Gigawatt hours","2024Q2","Data centres","GWh","1692"
"Gigawatt hours","2024Q2","Customers other than data centres","GWh","6243"
"Gigawatt hours","2024Q3","All metered electricity consumption","GWh","7513"
"Gigawatt hours","2024Q3","Data centres","GWh","1793"
"Gigawatt hours","2024Q3","Customers other than data centres","GWh","5720"
"Gigawatt hours","2024Q4","All metered electricity consumption","GWh","8108"
"Gigawatt hours","2024Q4","Data centres","GWh","1830"
"Gigawatt hours","2024Q4","Customers other than data centres","GWh","6278"
"Gigawatt hours","2025Q1","All metered electricity consumption","GWh","8706"
"Gigawatt hours","2025Q1","Data centres","GWh","1821"
"Gigawatt hours","2025Q1","Customers other than data centres","GWh","6884"
"Gigawatt hours","2025Q2","All metered electricity consumption","GWh","8127"
"Gigawatt hours","2025Q2","Data centres","GWh","1894"
"Gigawatt hours","2025Q2","Customers other than data centres","GWh","6232"
"Gigawatt hours","2025Q3","All metered electricity consumption","GWh","7734"
"Gigawatt hours","2025Q3","Data centres","GWh","1956"
"Gigawatt hours","2025Q3","Customers other than data centres","GWh","5778"
"Gigawatt hours","2025Q4","All metered electricity consumption","GWh","8420"
"Gigawatt hours","2025Q4","Data centres","GWh","1991"
"Gigawatt hours","2025Q4","Customers other than data centres","GWh","6429"
